tranche_id	dataset_or_component	role	current_status	included_in_current_comparison_world	current_summary_version	registration_artifact	audit_artifact	conversion_artifact	projection_review_artifact	decision_artifact	accepted_artifact	current_or_superseded	canonical_surface_class	notes
CA1_BU3	anchor_queries	proximal_anchor	accepted_fixed	yes	v5	query_manifest_v1.csv	NA	converted/query_CA1_clean.h5ad; converted/query_BU3_clean.h5ad	reports/tranches/gse237359_external_validation_v1/ (multiroot)	NA	NA	current	canonical	anchor queries; not external intake; epithelial metrics now surfaced in comparison world v3 via legacy_metric_backfill_pilot_v1.tsv; multiroot provenance retained
GSE237359	external_gse237359	donor_resolved_external_validation	accepted_fixed	yes	v5	metadata/external/gse237359_organoid_query_sample_sheet_v1.tsv	NA	queries/converted/gse237359/	reports/tranches/gse237359_external_validation_v1/	D-0007	reports/tranches/gse237359_external_validation_v1/	current	canonical	donor-resolved from pooled GSM8229877; 4 scRNA rows + bulk provenance rows; epithelial metrics now surfaced in comparison world v3 via legacy_metric_backfill_pilot_v1.tsv; multiroot provenance retained; combined-root compute remains non-canonical
GSE221343	external_gse221343	nearest_external_validation	accepted_query_ready	yes	v5	metadata/external/gse221343_dataset_manifest_v1.yaml; metadata/external/gse221343_organoid_query_sample_sheet_v1.tsv	NA	queries/converted/gse221343/	reports/tranches/gse221343_query_ready_review_v1/	D-0010	reports/tranches/gse221343_query_ready_review_v1/	current	canonical	3 rows; all query_ready_flag=true; Kotton/BU SPC2-ST-B2
GSE289846	external_gse289846	cross_lab_external_validation	accepted_query_ready	yes	v5	metadata/external/gse289846_dataset_manifest_v1.yaml; metadata/external/gse289846_organoid_query_sample_sheet_v1.tsv	NA	queries/converted/gse289846/	reports/tranches/gse289846_query_ready_review_v1/	D-0011	reports/tranches/gse289846_query_ready_review_v1/	current	canonical	3 condition-level rows; all query_ready_flag=true; Gotoh/CiRA Kyoto B2-3
GSE308817	external_gse308817	passage_series_external_validation	accepted_query_ready	yes	v5	metadata/external/gse308817_dataset_manifest_v1.yaml; metadata/external/gse308817_organoid_query_sample_sheet_v1.tsv	NA	queries/converted/gse308817/	reports/tranches/gse308817_query_ready_review_v1/	D-0012	reports/tranches/gse308817_query_ready_review_v1/	current	canonical	3 passage rows; all query_ready_flag=true; Liu/Rong Xiamen H9 SeekOne
GSE193716	external_gse193716	nearest_external_validation	accepted_query_ready	yes (iAEC2 subset only)	v5	metadata/external/gse193716_dataset_manifest_v1.yaml; metadata/external/gse193716_organoid_query_sample_sheet_v1.tsv	reports/tranches/gse193716_registration_audit_v1/	queries/converted/gse193716/; reports/tranches/gse193716_conversion_v1/	reports/tranches/gse193716_projection_review_v1/	D-0013	reports/tranches/gse193716_iAEC2_subset_review_v1/	current	canonical	7 rows total; 3 iAEC2 query_ready_flag=true; 4 primary held; subset promotion; Kotton/BU SPC2-ST-B2
GSE221344	external_gse221344	nearest_external_validation	accepted_query_ready	yes	v5	metadata/external/gse221344_dataset_manifest_v1.yaml; metadata/external/gse221344_organoid_query_sample_sheet_v1.tsv	reports/tranches/gse221344_registration_audit_v1/	queries/converted/gse221344/; reports/tranches/gse221344_conversion_v1/	reports/tranches/gse221344_projection_review_v1/	D-0014	reports/tranches/gse221344_query_ready_review_v1/	current	canonical	2 rows; both query_ready_flag=true; paired promotion (WT-YAP lentiviral control + YAP5SA perturbation); same-line supportive positive-arm evidence for P-0001; P-0001 remains registered/supportive, not confirmed; Kotton/BU SPC2-ST-B2
GSE221342	external_gse221342	nearest_external_validation	accepted_query_ready	yes	v5	metadata/external/gse221342_dataset_manifest_v1.yaml; metadata/external/gse221342_organoid_query_sample_sheet_v1.tsv	NA	queries/converted/gse221342/	reports/tranches/gse221342_query_ready_review_v1/	accepted_query_ready	reports/tranches/gse221342_query_ready_review_v1/	current	canonical	4 rows; all query_ready_flag=true; boundary-stress tranche; single donor BU3 NGAT (same line as BU3 anchor); iAT2 3D->iAT1 3D->ALI directional gradient; cross-line SOX2lowCFTR+ replication; not a same-line P-0001 validation tranche; combined-root compute
GSE246243	external_gse246243	nearest_external_validation	accepted_query_ready	yes	v5	metadata/external/gse246243_dataset_manifest_v1.yaml; metadata/external/gse246243_organoid_query_sample_sheet_v1.tsv	NA	queries/converted/gse246243/	reports/tranches/gse246243_query_ready_review_v1/	accepted_query_ready	reports/tranches/gse246243_query_ready_review_v1/	current	canonical	4 rows; all query_ready_flag=true; same-line kinetic strengthening tranche; single donor BU3 NGAT (same line as BU3 anchor and GSE221342); L+DCI kinetic 0/24/48/72hr; strengthens P-0002 at commitment level; not a same-line P-0001 validation tranche; not full alveolarization evidence; combined-root compute
