contrast_id	member_row_id	member_role	matching_basis	axis_primary	axis_secondary	whole_lung_top_state_fine	epithelial_top_state_fine	epithelial_lineage_off_target_fraction	epithelial_ambiguous_fraction	contrast_delta_note	control_interpretability_note	reviewer_confidence	provisional_recommendation	rationale
C-0001	GSM6858857_WT_YAP	control	same line (SPC2-ST-B2), same medium (CK+DCI), same timepoint (7d)	YAP transgene (WT vs constitutively active)	NA	Proliferating progenitors	Proliferating progenitors	1.8	11.2	control baseline; Proliferating progenitors dominant; low ambiguity	WT YAP is a lentiviral control, not an untransduced control; lentiviral transduction itself may alter cell state	moderate	retain as supportive control baseline; not equivalent to untransduced	lentiviral control defines the within-contrast baseline; Tip cells 2nd at 29.9% distinguishes from untransduced CK+DCI in GSE221343
C-0001	GSM6858858_YAP5SA	comparison	same line (SPC2-ST-B2), same medium (CK+DCI), same timepoint (7d)	YAP transgene (WT vs constitutively active)	NA	Proliferating progenitors	Proliferating progenitors	1.7	24.2	top state unchanged vs control (both Proliferating progenitors); partial CFTR+ enrichment (SOX2lowCFTR+ 5.6% vs 0.06% in WT-YAP); ambiguity increased (+13pp); shows a directional shift toward alveolar commitment at sub-top-state level but not identity conversion	NA	moderate	supportive partial positive-arm; do not treat as confirmatory	directional CFTR+ enrichment is real but top state remains Proliferating progenitors; partial shift, not identity conversion; supportive for P-0001 direction but not sufficient alone
C-0002	GSM6858850_iAT2_3D	control	same line (BU3 NGAT), same lab	iAT1 differentiation (CKDCI -> LDCI)	culture format (3D -> ALI)	Budtip progenitors	Budtip progenitors	4.8	15.6	gradient baseline; Budtip progenitors at iAT2 3D CK+DCI; first external mid_GW14_16 row	WL stage plurality low (45.3%); epi stage coarse (late_GW17_19) disagrees with WL stage coarse (mid_GW14_16)	high	retain as gradient baseline; stage discrepancy noted but does not invalidate role	defines the starting point of the 3D->ALI differentiation axis; Budtip progenitors identity is consistent with undifferentiated iAT2 baseline
C-0002	GSM6858851_iAT1_3D	comparison	same line (BU3 NGAT), same lab	iAT1 differentiation (CKDCI -> LDCI)	culture format (3D -> ALI)	SOX2lowCFTR+ cells	SOX2lowCFTR+ cells	3.9	22.2	shows a directional shift toward alveolar commitment: Budtip -> SOX2lowCFTR+ (60.9%); off-target improved vs baseline; ambiguity modestly increased	NA	high	clear directional shift without large worsening of epithelial off-target or ambiguity	cross-line SOX2lowCFTR+ replication (BU3 NGAT confirms direction seen on SPC2-ST-B2 and B2-3); off-target decreased from 4.8 to 3.9
C-0002	GSM6858852_iAT1_ALI_p0	comparison	same line (BU3 NGAT), same lab	iAT1 differentiation (CKDCI -> LDCI)	culture format (3D -> ALI)	SOX2lowCFTR+ cells	SOX2lowCFTR+ cells	2.1	18.2	SOX2lowCFTR+ retained (56.8%) after ALI transition; off-target and ambiguity both improved vs iAT1 3D; first ALI condition in comparison world	NA	high	directional shift maintained through ALI format change without quality degradation	ALI culture format is readable on v1 reference; SOX2lowCFTR+ identity retained; Basal cells 4.4% noted as ALI-associated feature
C-0002	GSM6858853_iAT1_ALI_p1	comparison	same line (BU3 NGAT), same lab	iAT1 differentiation (CKDCI -> LDCI)	culture format (3D -> ALI)	SOX2lowCFTR+ cells	SOX2lowCFTR+ cells	0.9	14.2	strongest SOX2lowCFTR+ in any tranche (78.0%); best off-target (0.9%) and ambiguity (14.2%) in gradient; 3D pre-differentiation + ALI produces most resolved iAT1	NA	high	clearest evidence of directional shift toward alveolar commitment in any row	monotonic gradient endpoint; all quality metrics improve vs baseline; direction consistent with GSE221343 L+DCI and GSE289846 LATS-IN-1
C-0003	GSM5819133_iAEC2_3D	control	same line (SPC2-ST-B2), same differentiation stage	culture format (3D vs insert vs +MRC5)	NA	Proliferating progenitors	Proliferating progenitors	0.9	31.0	format-only baseline; Proliferating progenitors at 3D Matrigel; moderate ambiguity	feeder-free 3D baseline; higher ambiguity (31.0%) than insert conditions; this is the least resolved iAEC2 format	high	retain as format-only control family baseline; confirms progenitor retention under no lineage-directing stimulus	defines null expectation: format-only variation does not shift identity toward SOX2lowCFTR+; relevant for P-0002 falsification logic
C-0003	GSM5819134_iAEC2_3D_insert	comparison	same line (SPC2-ST-B2), same differentiation stage	culture format (3D vs insert vs +MRC5)	NA	Proliferating progenitors	Proliferating progenitors	1.5	9.9	same top state as control (Proliferating progenitors); ambiguity dramatically improved (31.0 -> 9.9); format change does not drive identity shift	NA	high	format-only change improves resolution without shifting identity; supports null hypothesis for P-0002 falsification	best alignment in comparison world (0.814); insert format improves quality without changing commitment state; Proliferating progenitors retained
C-0003	GSM5819135_iAEC2_MRC5_insert	comparison	same line (SPC2-ST-B2), same differentiation stage	culture format (3D vs insert vs +MRC5)	NA	Proliferating progenitors	Proliferating progenitors	2.1	15.7	same top state as control (Proliferating progenitors); +MRC5 co-culture effect minimal on iAEC2 identity; off-target slightly higher than insert-only	NA	high	co-culture does not override format-only null; consistent with C-0003 control family	+MRC5 co-culture does not shift identity toward SOX2lowCFTR+ or any alveolar commitment marker; Proliferating progenitors retained
